2018-11-04 01:42,37 
2018-11-04 01:43,37 
2018-11-04 01:46,37 
2018-11-04 01:48,37 
2018-11-04 01:48,37 
2018-11-04 01:48,37 
2018-11-04 01:49,36 
2018-11-04 01:49,36 
2018-11-04 01:51,36 
2018-11-04 01:58,36 
2018-11-04 01:59,37 
2018-11-04 02:06,37 
2018-11-04 02:06,37 
2018-11-04 02:07,37 
2018-11-04 02:11,36 
2018-11-04 02:12,37 
2018-11-04 02:19,38 
2018-11-04 02:20,37 
2018-11-04 02:21,37 
2018-11-04 02:23,37 
2018-11-04 02:23,37 
2018-11-04 02:24,37 
2018-11-04 02:28,37 
2018-11-04 20:58,48 
2018-11-04 20:58,47 
